order_id,name,order_date,revenue,is_new_customer
ord_1,#1001,2025-01-01,75.98,False
ord_2,#1002,2025-01-01,126.8,False
ord_3,#1003,2025-01-01,38.31,True
ord_4,#1004,2025-01-01,46.83,False
ord_5,#1005,2025-01-01,50.56,False
ord_6,#1006,2025-01-01,44.3,True
ord_7,#1007,2025-01-01,78.45,False
ord_8,#1008,2025-01-01,107.31,True
ord_9,#1009,2025-01-01,142.44,False
ord_10,#1010,2025-01-01,17.9,False
ord_11,#1011,2025-01-01,80.26,False
ord_12,#1012,2025-01-01,55.18,True
ord_13,#1013,2025-01-01,43.55,False
ord_14,#1014,2025-01-01,41.46,False
ord_15,#1015,2025-01-01,52.37,False
ord_16,#1016,2025-01-01,38.12,True
ord_17,#1017,2025-01-01,76.75,True
ord_18,#1018,2025-01-01,98.5,False
ord_19,#1019,2025-01-01,100.29,False
ord_20,#1020,2025-01-01,54.52,False
ord_21,#1021,2025-01-01,16.37,False
ord_22,#1022,2025-01-01,138.21,False
ord_23,#1023,2025-01-01,46.62,True
ord_24,#1024,2025-01-02,92.05,False
ord_25,#1025,2025-01-02,47.15,False
ord_26,#1026,2025-01-02,18.96,False
ord_27,#1027,2025-01-02,69.68,False
ord_28,#1028,2025-01-02,66.34,False
ord_29,#1029,2025-01-02,43.6,False
ord_30,#1030,2025-01-02,66.7,False
ord_31,#1031,2025-01-02,73.09,False
ord_32,#1032,2025-01-02,188.18,False
ord_33,#1033,2025-01-02,28.97,True
ord_34,#1034,2025-01-02,10,True
ord_35,#1035,2025-01-02,75.3,False
ord_36,#1036,2025-01-02,58.4,False
ord_37,#1037,2025-01-02,94.6,True
ord_38,#1038,2025-01-02,44.44,False
ord_39,#1039,2025-01-02,26.91,False
ord_40,#1040,2025-01-02,38.61,False
ord_41,#1041,2025-01-03,142.18,False
ord_42,#1042,2025-01-03,49.47,True
ord_43,#1043,2025-01-03,27.57,False
ord_44,#1044,2025-01-03,37.18,False
ord_45,#1045,2025-01-03,78.4,False
ord_46,#1046,2025-01-03,65.82,False
ord_47,#1047,2025-01-03,40.52,True
ord_48,#1048,2025-01-03,54.02,False
ord_49,#1049,2025-01-03,60.18,False
ord_50,#1050,2025-01-03,141.53,False
ord_51,#1051,2025-01-03,32.49,True
ord_52,#1052,2025-01-03,21.89,True
ord_53,#1053,2025-01-03,107.66,True
ord_54,#1054,2025-01-03,107.49,False
ord_55,#1055,2025-01-03,18.2,False
ord_56,#1056,2025-01-03,72.48,False
ord_57,#1057,2025-01-03,140.18,False
ord_58,#1058,2025-01-03,29.92,False
ord_59,#1059,2025-01-03,27.0,False
ord_60,#1060,2025-01-03,55.24,True
ord_61,#1061,2025-01-03,16.38,True
ord_62,#1062,2025-01-03,31.56,False
ord_63,#1063,2025-01-03,46.33,False
ord_64,#1064,2025-01-03,207.26,True
ord_65,#1065,2025-01-03,10,False
ord_66,#1066,2025-01-04,65.34,True
ord_67,#1067,2025-01-04,40.08,False
ord_68,#1068,2025-01-04,64.07,False
ord_69,#1069,2025-01-04,32.72,True
ord_70,#1070,2025-01-04,178.03,False
ord_71,#1071,2025-01-04,27.82,True
ord_72,#1072,2025-01-04,120.33,False
ord_73,#1073,2025-01-04,130.14,True
ord_74,#1074,2025-01-04,63.21,False
ord_75,#1075,2025-01-04,59.03,False
ord_76,#1076,2025-01-04,49.56,False
ord_77,#1077,2025-01-04,124.15,False
ord_78,#1078,2025-01-04,25.98,True
ord_79,#1079,2025-01-04,66.21,False
ord_80,#1080,2025-01-04,55.56,False
ord_81,#1081,2025-01-04,219.74,True
ord_82,#1082,2025-01-04,212.27,True
ord_83,#1083,2025-01-04,121.04,False
ord_84,#1084,2025-01-05,55.42,True
ord_85,#1085,2025-01-05,48.05,False
ord_86,#1086,2025-01-05,75.63,False
ord_87,#1087,2025-01-05,43.27,False
ord_88,#1088,2025-01-05,106.22,False
ord_89,#1089,2025-01-05,62.25,False
ord_90,#1090,2025-01-05,52.7,False
ord_91,#1091,2025-01-05,76.1,False
ord_92,#1092,2025-01-05,108.21,True
ord_93,#1093,2025-01-05,14.84,False
ord_94,#1094,2025-01-05,130.74,False
ord_95,#1095,2025-01-05,19.1,True
ord_96,#1096,2025-01-05,49.97,True
ord_97,#1097,2025-01-05,54.46,True
ord_98,#1098,2025-01-05,127.54,True
ord_99,#1099,2025-01-05,47.49,False
ord_100,#1100,2025-01-05,52.03,False
ord_101,#1101,2025-01-05,10,True
ord_102,#1102,2025-01-06,55.4,False
ord_103,#1103,2025-01-06,40.19,False
ord_104,#1104,2025-01-06,56.36,True
ord_105,#1105,2025-01-06,106.96,False
ord_106,#1106,2025-01-06,49.4,True
ord_107,#1107,2025-01-06,31.67,False
ord_108,#1108,2025-01-06,39.9,True
ord_109,#1109,2025-01-06,40.13,True
ord_110,#1110,2025-01-06,78.07,False
ord_111,#1111,2025-01-06,66.66,True
ord_112,#1112,2025-01-06,172.07,False
ord_113,#1113,2025-01-06,133.94,True
ord_114,#1114,2025-01-06,80.99,True
ord_115,#1115,2025-01-06,44.08,True
ord_116,#1116,2025-01-06,67.82,False
ord_117,#1117,2025-01-06,164.98,False
ord_118,#1118,2025-01-06,66.01,False
ord_119,#1119,2025-01-06,40.75,False
ord_120,#1120,2025-01-06,107.48,True
ord_121,#1121,2025-01-06,183.18,False
ord_122,#1122,2025-01-06,45.82,False
ord_123,#1123,2025-01-07,29.24,False
ord_124,#1124,2025-01-07,18.42,True
ord_125,#1125,2025-01-07,10.33,False
ord_126,#1126,2025-01-07,221.92,True
ord_127,#1127,2025-01-07,77.16,True
ord_128,#1128,2025-01-07,170.28,False
ord_129,#1129,2025-01-07,119.11,False
ord_130,#1130,2025-01-07,124.88,False
ord_131,#1131,2025-01-07,43.09,False
ord_132,#1132,2025-01-07,69.98,False
ord_133,#1133,2025-01-07,115.72,False
ord_134,#1134,2025-01-07,48.44,True
ord_135,#1135,2025-01-07,54.15,True
ord_136,#1136,2025-01-07,42.03,False
ord_137,#1137,2025-01-07,31.87,True
ord_138,#1138,2025-01-07,194.74,False
ord_139,#1139,2025-01-07,22.42,False
ord_140,#1140,2025-01-07,56.22,True
ord_141,#1141,2025-01-07,58.67,True
ord_142,#1142,2025-01-07,160.64,False
ord_143,#1143,2025-01-07,40.17,False
ord_144,#1144,2025-01-07,143.2,True
ord_145,#1145,2025-01-07,48.82,False
ord_146,#1146,2025-01-07,107.58,True
ord_147,#1147,2025-01-08,100.72,True
ord_148,#1148,2025-01-08,71.52,True
ord_149,#1149,2025-01-08,79.18,False
ord_150,#1150,2025-01-08,32.21,False
ord_151,#1151,2025-01-08,127.43,False
ord_152,#1152,2025-01-08,156.96,True
ord_153,#1153,2025-01-08,42.69,False
ord_154,#1154,2025-01-08,37.27,False
ord_155,#1155,2025-01-08,34.77,True
ord_156,#1156,2025-01-08,39.97,True
ord_157,#1157,2025-01-08,37.43,False
ord_158,#1158,2025-01-08,109.1,False
ord_159,#1159,2025-01-08,38.35,False
ord_160,#1160,2025-01-08,124.62,False
ord_161,#1161,2025-01-08,58.42,False
ord_162,#1162,2025-01-08,14.74,True
ord_163,#1163,2025-01-08,91.68,True
ord_164,#1164,2025-01-08,115.69,True
ord_165,#1165,2025-01-08,49.05,False
ord_166,#1166,2025-01-09,10,True
ord_167,#1167,2025-01-09,195.41,False
ord_168,#1168,2025-01-09,32.92,False
ord_169,#1169,2025-01-09,52.86,True
ord_170,#1170,2025-01-09,21.13,False
ord_171,#1171,2025-01-09,39.31,True
ord_172,#1172,2025-01-09,36.05,False
ord_173,#1173,2025-01-09,73.55,False
ord_174,#1174,2025-01-09,35.88,False
ord_175,#1175,2025-01-09,153.05,True
ord_176,#1176,2025-01-09,45.51,False
ord_177,#1177,2025-01-09,61.57,True
ord_178,#1178,2025-01-09,71.39,False
ord_179,#1179,2025-01-09,50.65,False
ord_180,#1180,2025-01-09,46.38,False
ord_181,#1181,2025-01-10,28.48,False
ord_182,#1182,2025-01-10,118.99,True
ord_183,#1183,2025-01-10,36.77,True
ord_184,#1184,2025-01-10,29.46,False
ord_185,#1185,2025-01-10,42.79,False
ord_186,#1186,2025-01-10,136.85,False
ord_187,#1187,2025-01-10,67.51,False
ord_188,#1188,2025-01-10,145.83,False
ord_189,#1189,2025-01-10,98.28,True
ord_190,#1190,2025-01-10,63.85,False
ord_191,#1191,2025-01-10,54.89,False
ord_192,#1192,2025-01-10,85.68,False
ord_193,#1193,2025-01-10,70.01,True
ord_194,#1194,2025-01-10,39.87,True
ord_195,#1195,2025-01-10,205.56,True
ord_196,#1196,2025-01-10,74.51,True
ord_197,#1197,2025-01-10,32.46,False
ord_198,#1198,2025-01-10,20.88,False
ord_199,#1199,2025-01-10,66.73,False
ord_200,#1200,2025-01-10,36.74,False
ord_201,#1201,2025-01-10,92.23,True
ord_202,#1202,2025-01-10,70.8,False
ord_203,#1203,2025-01-11,72.21,False
ord_204,#1204,2025-01-11,48.13,False
ord_205,#1205,2025-01-11,25.67,True
ord_206,#1206,2025-01-11,35.89,False
ord_207,#1207,2025-01-11,45.16,False
ord_208,#1208,2025-01-11,84.45,False
ord_209,#1209,2025-01-11,60.01,True
ord_210,#1210,2025-01-11,69.13,False
ord_211,#1211,2025-01-11,34.51,True
ord_212,#1212,2025-01-11,56.77,False
ord_213,#1213,2025-01-11,69.07,True
ord_214,#1214,2025-01-11,190.06,False
ord_215,#1215,2025-01-11,39.01,False
ord_216,#1216,2025-01-11,40.71,False
ord_217,#1217,2025-01-11,22.25,False
ord_218,#1218,2025-01-11,82.86,False
ord_219,#1219,2025-01-11,140.42,False
ord_220,#1220,2025-01-11,52.97,False
ord_221,#1221,2025-01-11,32.87,False
ord_222,#1222,2025-01-11,23.11,False
ord_223,#1223,2025-01-11,25.0,False
ord_224,#1224,2025-01-11,42.07,False
ord_225,#1225,2025-01-11,44.02,False
ord_226,#1226,2025-01-12,129.85,False
ord_227,#1227,2025-01-12,137.6,True
ord_228,#1228,2025-01-12,50.61,False
ord_229,#1229,2025-01-12,114.54,True
ord_230,#1230,2025-01-12,64.99,False
ord_231,#1231,2025-01-12,131.47,False
ord_232,#1232,2025-01-12,195.03,False
ord_233,#1233,2025-01-12,160.64,False
ord_234,#1234,2025-01-12,55.83,True
ord_235,#1235,2025-01-12,23.66,False
ord_236,#1236,2025-01-12,45.02,False
ord_237,#1237,2025-01-12,39.19,True
ord_238,#1238,2025-01-12,117.4,False
ord_239,#1239,2025-01-12,52.53,False
ord_240,#1240,2025-01-12,125.67,False
ord_241,#1241,2025-01-12,60.67,False
ord_242,#1242,2025-01-12,37.48,False
ord_243,#1243,2025-01-12,103.94,True
ord_244,#1244,2025-01-12,49.77,False
ord_245,#1245,2025-01-12,59.29,False
ord_246,#1246,2025-01-12,34.13,False
ord_247,#1247,2025-01-12,10,True
ord_248,#1248,2025-01-12,44.73,False
ord_249,#1249,2025-01-12,50.93,True
ord_250,#1250,2025-01-12,10,True
ord_251,#1251,2025-01-12,68.2,True
ord_252,#1252,2025-01-12,117.3,False
ord_253,#1253,2025-01-12,108.73,False
ord_254,#1254,2025-01-12,102.08,False
ord_255,#1255,2025-01-13,134.27,False
ord_256,#1256,2025-01-13,110.34,True
ord_257,#1257,2025-01-13,53.67,True
ord_258,#1258,2025-01-13,53.67,False
ord_259,#1259,2025-01-13,54.53,False
ord_260,#1260,2025-01-13,39.63,False
ord_261,#1261,2025-01-13,52.02,True
ord_262,#1262,2025-01-13,38.59,False
ord_263,#1263,2025-01-13,133.63,False
ord_264,#1264,2025-01-13,54.48,True
ord_265,#1265,2025-01-13,62.13,False
ord_266,#1266,2025-01-13,25.83,False
ord_267,#1267,2025-01-13,53.34,True
ord_268,#1268,2025-01-13,26.02,True
ord_269,#1269,2025-01-13,26.01,True
ord_270,#1270,2025-01-13,85.64,False
ord_271,#1271,2025-01-13,69.2,True
ord_272,#1272,2025-01-13,205.89,True
ord_273,#1273,2025-01-13,10,False
ord_274,#1274,2025-01-13,24.71,False
ord_275,#1275,2025-01-13,92.55,False
ord_276,#1276,2025-01-13,31.76,True
ord_277,#1277,2025-01-13,102.9,True
ord_278,#1278,2025-01-13,20.34,False
ord_279,#1279,2025-01-14,10,False
ord_280,#1280,2025-01-14,81.72,False
ord_281,#1281,2025-01-14,32.0,False
ord_282,#1282,2025-01-14,10.38,False
ord_283,#1283,2025-01-14,123.67,False
ord_284,#1284,2025-01-14,193.22,True
ord_285,#1285,2025-01-14,69.83,False
ord_286,#1286,2025-01-14,126.58,False
ord_287,#1287,2025-01-14,49.78,False
ord_288,#1288,2025-01-14,26.73,False
ord_289,#1289,2025-01-14,48.48,True
ord_290,#1290,2025-01-14,47.31,True
ord_291,#1291,2025-01-14,97.77,False
ord_292,#1292,2025-01-14,74.65,False
ord_293,#1293,2025-01-14,43.69,False
ord_294,#1294,2025-01-14,68.88,False
ord_295,#1295,2025-01-14,18.33,False
ord_296,#1296,2025-01-15,42.49,True
ord_297,#1297,2025-01-15,48.69,False
ord_298,#1298,2025-01-15,55.3,True
ord_299,#1299,2025-01-15,40.97,True
ord_300,#1300,2025-01-15,23.76,False
ord_301,#1301,2025-01-15,48.2,True
ord_302,#1302,2025-01-15,192.92,False
ord_303,#1303,2025-01-15,184.35,True
ord_304,#1304,2025-01-15,121.18,True
ord_305,#1305,2025-01-15,57.38,False
ord_306,#1306,2025-01-15,34.43,False
ord_307,#1307,2025-01-15,52.18,True
ord_308,#1308,2025-01-15,141.76,True
ord_309,#1309,2025-01-15,183.34,True
ord_310,#1310,2025-01-15,126.48,True
ord_311,#1311,2025-01-15,103.24,True
ord_312,#1312,2025-01-15,29.95,False
ord_313,#1313,2025-01-15,49.11,False
ord_314,#1314,2025-01-15,24.65,True
ord_315,#1315,2025-01-15,77.19,False
ord_316,#1316,2025-01-15,108.53,False
ord_317,#1317,2025-01-15,28.83,True
ord_318,#1318,2025-01-15,40.66,False
ord_319,#1319,2025-01-15,56.96,False
ord_320,#1320,2025-01-15,35.45,False
ord_321,#1321,2025-01-16,10,False
ord_322,#1322,2025-01-16,10,True
ord_323,#1323,2025-01-16,38.67,True
ord_324,#1324,2025-01-16,47.01,True
ord_325,#1325,2025-01-16,177.81,False
ord_326,#1326,2025-01-16,106.63,False
ord_327,#1327,2025-01-16,99.28,True
ord_328,#1328,2025-01-16,121.47,True
ord_329,#1329,2025-01-16,33.2,False
ord_330,#1330,2025-01-16,112.9,False
ord_331,#1331,2025-01-16,52.46,False
ord_332,#1332,2025-01-16,136.08,True
ord_333,#1333,2025-01-16,196.96,False
ord_334,#1334,2025-01-16,140.59,True
ord_335,#1335,2025-01-16,120.36,False
ord_336,#1336,2025-01-16,28.19,True
ord_337,#1337,2025-01-16,10,False
ord_338,#1338,2025-01-16,68.88,False
ord_339,#1339,2025-01-16,26.38,False
ord_340,#1340,2025-01-16,70.41,True
ord_341,#1341,2025-01-16,46.87,True
ord_342,#1342,2025-01-17,27.83,False
ord_343,#1343,2025-01-17,40.73,True
ord_344,#1344,2025-01-17,195.09,True
ord_345,#1345,2025-01-17,113.13,False
ord_346,#1346,2025-01-17,220.33,True
ord_347,#1347,2025-01-17,115.26,True
ord_348,#1348,2025-01-17,160.07,False
ord_349,#1349,2025-01-17,15.17,False
ord_350,#1350,2025-01-17,26.17,False
ord_351,#1351,2025-01-17,148.14,True
ord_352,#1352,2025-01-17,36.72,True
ord_353,#1353,2025-01-17,235.51,True
ord_354,#1354,2025-01-17,49.91,False
ord_355,#1355,2025-01-17,12.88,False
ord_356,#1356,2025-01-17,67.8,True
ord_357,#1357,2025-01-17,54.58,True
ord_358,#1358,2025-01-17,53.58,False
ord_359,#1359,2025-01-17,29.0,False
ord_360,#1360,2025-01-17,42.41,True
ord_361,#1361,2025-01-17,105.64,False
ord_362,#1362,2025-01-17,58.51,True
ord_363,#1363,2025-01-17,77.93,True
ord_364,#1364,2025-01-17,168.96,True
ord_365,#1365,2025-01-18,109.04,True
ord_366,#1366,2025-01-18,73.83,False
ord_367,#1367,2025-01-18,31.42,False
ord_368,#1368,2025-01-18,55.35,False
ord_369,#1369,2025-01-18,176.91,True
ord_370,#1370,2025-01-18,45.16,False
ord_371,#1371,2025-01-18,32.64,False
ord_372,#1372,2025-01-18,10.27,True
ord_373,#1373,2025-01-18,20.96,True
ord_374,#1374,2025-01-18,66.72,False
ord_375,#1375,2025-01-18,49.91,True
ord_376,#1376,2025-01-18,37.27,True
ord_377,#1377,2025-01-18,73.94,False
ord_378,#1378,2025-01-18,123.86,False
ord_379,#1379,2025-01-18,19.1,False
ord_380,#1380,2025-01-18,61.05,True
ord_381,#1381,2025-01-18,78.37,False
ord_382,#1382,2025-01-18,34.49,True
ord_383,#1383,2025-01-18,66.92,False
ord_384,#1384,2025-01-18,152.06,False
ord_385,#1385,2025-01-18,162.29,True
ord_386,#1386,2025-01-18,21.06,False
ord_387,#1387,2025-01-18,115.27,False
ord_388,#1388,2025-01-18,136.07,False
ord_389,#1389,2025-01-19,60.31,False
ord_390,#1390,2025-01-19,236.16,True
ord_391,#1391,2025-01-19,110.4,False
ord_392,#1392,2025-01-19,31.13,False
ord_393,#1393,2025-01-19,42.61,True
ord_394,#1394,2025-01-19,44.56,True
ord_395,#1395,2025-01-19,134.21,False
ord_396,#1396,2025-01-19,68.19,False
ord_397,#1397,2025-01-19,44.86,False
ord_398,#1398,2025-01-19,112.6,False
ord_399,#1399,2025-01-19,61.97,False
ord_400,#1400,2025-01-19,23.06,False
ord_401,#1401,2025-01-19,164.95,True
ord_402,#1402,2025-01-19,107.84,True
ord_403,#1403,2025-01-19,10,False
ord_404,#1404,2025-01-19,31.66,False
ord_405,#1405,2025-01-19,92.83,True
ord_406,#1406,2025-01-19,111.03,False
ord_407,#1407,2025-01-19,33.59,False
ord_408,#1408,2025-01-19,132.98,False
ord_409,#1409,2025-01-19,54.03,False
ord_410,#1410,2025-01-20,107.9,True
ord_411,#1411,2025-01-20,38.85,True
ord_412,#1412,2025-01-20,19.51,True
ord_413,#1413,2025-01-20,27.52,True
ord_414,#1414,2025-01-20,37.19,False
ord_415,#1415,2025-01-20,128.07,True
ord_416,#1416,2025-01-20,179.07,True
ord_417,#1417,2025-01-20,36.54,False
ord_418,#1418,2025-01-20,139.13,False
ord_419,#1419,2025-01-20,116.94,True
ord_420,#1420,2025-01-20,24.18,False
ord_421,#1421,2025-01-20,62.05,False
ord_422,#1422,2025-01-20,142.7,True
ord_423,#1423,2025-01-20,243.27,True
ord_424,#1424,2025-01-20,39.22,True
ord_425,#1425,2025-01-20,90.38,True
ord_426,#1426,2025-01-20,67.45,False
ord_427,#1427,2025-01-20,28.98,False
ord_428,#1428,2025-01-20,29.44,False
ord_429,#1429,2025-01-20,72.41,True
ord_430,#1430,2025-01-20,25.2,False
ord_431,#1431,2025-01-20,23.21,False
ord_432,#1432,2025-01-21,193.17,False
ord_433,#1433,2025-01-21,120.67,True
ord_434,#1434,2025-01-21,46.73,True
ord_435,#1435,2025-01-21,178.03,False
ord_436,#1436,2025-01-21,82.55,False
ord_437,#1437,2025-01-21,69.36,True
ord_438,#1438,2025-01-21,139.3,True
ord_439,#1439,2025-01-21,131.4,True
ord_440,#1440,2025-01-21,10,True
ord_441,#1441,2025-01-21,65.5,True
ord_442,#1442,2025-01-21,95.16,True
ord_443,#1443,2025-01-21,13.94,True
ord_444,#1444,2025-01-21,49.96,True
ord_445,#1445,2025-01-21,18.95,False
ord_446,#1446,2025-01-21,10,True
ord_447,#1447,2025-01-21,33.43,True
ord_448,#1448,2025-01-21,61.7,False
ord_449,#1449,2025-01-21,183.64,True
ord_450,#1450,2025-01-21,109.73,True
ord_451,#1451,2025-01-21,52.72,False
ord_452,#1452,2025-01-21,110.24,True
ord_453,#1453,2025-01-21,106.03,False
ord_454,#1454,2025-01-21,120.05,False
ord_455,#1455,2025-01-21,67.27,True
ord_456,#1456,2025-01-21,146.31,False
ord_457,#1457,2025-01-21,43.84,False
ord_458,#1458,2025-01-21,86.36,False
ord_459,#1459,2025-01-22,84.66,False
ord_460,#1460,2025-01-22,62.01,False
ord_461,#1461,2025-01-22,112.76,False
ord_462,#1462,2025-01-22,50.15,False
ord_463,#1463,2025-01-22,110.33,False
ord_464,#1464,2025-01-22,48.0,True
ord_465,#1465,2025-01-22,37.27,True
ord_466,#1466,2025-01-22,221.84,True
ord_467,#1467,2025-01-22,23.47,True
ord_468,#1468,2025-01-22,58.29,True
ord_469,#1469,2025-01-22,63.29,False
ord_470,#1470,2025-01-22,79.51,False
ord_471,#1471,2025-01-22,129.39,False
ord_472,#1472,2025-01-22,26.51,False
ord_473,#1473,2025-01-22,35.38,True
ord_474,#1474,2025-01-22,53.13,False
ord_475,#1475,2025-01-22,264.11,False
ord_476,#1476,2025-01-22,175.59,False
ord_477,#1477,2025-01-22,179.13,True
ord_478,#1478,2025-01-22,163.04,False
ord_479,#1479,2025-01-23,68.08,False
ord_480,#1480,2025-01-23,61.5,False
ord_481,#1481,2025-01-23,75.24,False
ord_482,#1482,2025-01-23,84.21,True
ord_483,#1483,2025-01-23,15.19,False
ord_484,#1484,2025-01-23,33.09,False
ord_485,#1485,2025-01-23,107.53,False
ord_486,#1486,2025-01-23,36.32,True
ord_487,#1487,2025-01-23,45.52,False
ord_488,#1488,2025-01-23,56.67,True
ord_489,#1489,2025-01-23,103.46,False
ord_490,#1490,2025-01-23,115.3,False
ord_491,#1491,2025-01-23,129.42,False
ord_492,#1492,2025-01-23,201.45,True
ord_493,#1493,2025-01-23,22.38,True
ord_494,#1494,2025-01-23,41.54,True
ord_495,#1495,2025-01-23,145.66,False
ord_496,#1496,2025-01-23,101.69,False
ord_497,#1497,2025-01-23,95.07,False
ord_498,#1498,2025-01-23,131.16,True
ord_499,#1499,2025-01-23,71.29,False
ord_500,#1500,2025-01-23,38.53,False
ord_501,#1501,2025-01-23,10,False
ord_502,#1502,2025-01-23,186.51,False
ord_503,#1503,2025-01-23,133.72,True
ord_504,#1504,2025-01-23,55.15,False
ord_505,#1505,2025-01-23,40.73,False
ord_506,#1506,2025-01-23,51.48,False
ord_507,#1507,2025-01-23,105.78,False
ord_508,#1508,2025-01-23,43.55,True
ord_509,#1509,2025-01-24,45.79,True
ord_510,#1510,2025-01-24,121.59,False
ord_511,#1511,2025-01-24,71.26,False
ord_512,#1512,2025-01-24,45.85,False
ord_513,#1513,2025-01-24,75.57,True
ord_514,#1514,2025-01-24,20.22,False
ord_515,#1515,2025-01-24,24.4,True
ord_516,#1516,2025-01-24,89.71,True
ord_517,#1517,2025-01-24,17.77,True
ord_518,#1518,2025-01-24,32.55,False
ord_519,#1519,2025-01-24,91.89,True
ord_520,#1520,2025-01-24,143.12,True
ord_521,#1521,2025-01-24,48.58,False
ord_522,#1522,2025-01-24,151.2,False
ord_523,#1523,2025-01-24,42.1,True
ord_524,#1524,2025-01-24,59.44,False
ord_525,#1525,2025-01-24,31.45,True
ord_526,#1526,2025-01-24,160.52,False
ord_527,#1527,2025-01-24,57.08,True
ord_528,#1528,2025-01-24,46.97,False
ord_529,#1529,2025-01-24,26.47,False
ord_530,#1530,2025-01-24,58.92,False
ord_531,#1531,2025-01-24,59.45,False
ord_532,#1532,2025-01-24,32.34,False
ord_533,#1533,2025-01-25,60.64,False
ord_534,#1534,2025-01-25,159.4,False
ord_535,#1535,2025-01-25,143.54,False
ord_536,#1536,2025-01-25,64.95,False
ord_537,#1537,2025-01-25,13.91,False
ord_538,#1538,2025-01-25,61.74,True
ord_539,#1539,2025-01-25,81.5,False
ord_540,#1540,2025-01-25,74.11,False
ord_541,#1541,2025-01-25,67.44,True
ord_542,#1542,2025-01-25,187.17,False
ord_543,#1543,2025-01-25,247.59,True
ord_544,#1544,2025-01-25,66.33,False
ord_545,#1545,2025-01-25,116.07,False
ord_546,#1546,2025-01-25,82.54,True
ord_547,#1547,2025-01-25,21.44,True
ord_548,#1548,2025-01-25,41.37,False
ord_549,#1549,2025-01-25,174.6,False
ord_550,#1550,2025-01-25,26.89,True
ord_551,#1551,2025-01-25,55.01,False
ord_552,#1552,2025-01-25,177.29,True
ord_553,#1553,2025-01-25,33.31,False
ord_554,#1554,2025-01-25,28.35,False
ord_555,#1555,2025-01-26,159.03,True
ord_556,#1556,2025-01-26,129.36,False
ord_557,#1557,2025-01-26,58.8,True
ord_558,#1558,2025-01-26,91.3,False
ord_559,#1559,2025-01-26,211.46,True
ord_560,#1560,2025-01-26,49.68,False
ord_561,#1561,2025-01-26,202.2,True
ord_562,#1562,2025-01-26,178.33,False
ord_563,#1563,2025-01-26,113.68,False
ord_564,#1564,2025-01-26,65.61,True
ord_565,#1565,2025-01-26,115.2,False
ord_566,#1566,2025-01-26,35.73,False
ord_567,#1567,2025-01-26,36.09,True
ord_568,#1568,2025-01-26,175.12,False
ord_569,#1569,2025-01-26,58.32,False
ord_570,#1570,2025-01-26,80.41,False
ord_571,#1571,2025-01-26,108.75,False
ord_572,#1572,2025-01-26,29.64,False
ord_573,#1573,2025-01-26,63.95,False
ord_574,#1574,2025-01-26,48.68,False
ord_575,#1575,2025-01-26,37.99,False
ord_576,#1576,2025-01-26,144.2,False
ord_577,#1577,2025-01-26,35.98,False
ord_578,#1578,2025-01-27,165.0,False
ord_579,#1579,2025-01-27,22.42,False
ord_580,#1580,2025-01-27,51.47,True
ord_581,#1581,2025-01-27,36.13,False
ord_582,#1582,2025-01-27,158.08,False
ord_583,#1583,2025-01-27,45.81,False
ord_584,#1584,2025-01-27,76.86,True
ord_585,#1585,2025-01-27,53.95,False
ord_586,#1586,2025-01-27,142.64,True
ord_587,#1587,2025-01-27,27.03,False
ord_588,#1588,2025-01-27,69.2,False
ord_589,#1589,2025-01-27,65.52,True
ord_590,#1590,2025-01-27,73.54,False
ord_591,#1591,2025-01-27,42.91,False
ord_592,#1592,2025-01-27,111.4,False
ord_593,#1593,2025-01-27,147.17,False
ord_594,#1594,2025-01-27,60.55,False
ord_595,#1595,2025-01-27,76.79,False
ord_596,#1596,2025-01-27,116.92,True
ord_597,#1597,2025-01-27,65.79,False
ord_598,#1598,2025-01-27,56.87,True
ord_599,#1599,2025-01-27,74.94,False
ord_600,#1600,2025-01-28,28.46,False
ord_601,#1601,2025-01-28,142.56,True
ord_602,#1602,2025-01-28,36.14,True
ord_603,#1603,2025-01-28,122.58,False
ord_604,#1604,2025-01-28,32.32,True
ord_605,#1605,2025-01-28,44.38,False
ord_606,#1606,2025-01-28,27.88,True
ord_607,#1607,2025-01-28,58.4,False
ord_608,#1608,2025-01-28,26.85,False
ord_609,#1609,2025-01-28,63.1,False
ord_610,#1610,2025-01-28,29.91,True
ord_611,#1611,2025-01-28,51.62,True
ord_612,#1612,2025-01-28,36.38,False
ord_613,#1613,2025-01-28,77.93,False
ord_614,#1614,2025-01-28,131.49,False
ord_615,#1615,2025-01-28,151.48,True
ord_616,#1616,2025-01-28,70.43,False
ord_617,#1617,2025-01-28,47.11,False
ord_618,#1618,2025-01-28,21.9,False
ord_619,#1619,2025-01-28,13.51,True
ord_620,#1620,2025-01-28,74.58,True
ord_621,#1621,2025-01-28,62.57,False
ord_622,#1622,2025-01-28,46.56,False
ord_623,#1623,2025-01-28,120.57,True
ord_624,#1624,2025-01-28,75.76,True
ord_625,#1625,2025-01-28,63.56,True
ord_626,#1626,2025-01-28,77.32,False
ord_627,#1627,2025-01-28,23.06,False
ord_628,#1628,2025-01-28,80.63,False
ord_629,#1629,2025-01-29,144.99,False
ord_630,#1630,2025-01-29,49.36,True
ord_631,#1631,2025-01-29,199.85,False
ord_632,#1632,2025-01-29,25.6,True
ord_633,#1633,2025-01-29,173.9,True
ord_634,#1634,2025-01-29,106.73,False
ord_635,#1635,2025-01-29,168.63,True
ord_636,#1636,2025-01-29,77.63,False
ord_637,#1637,2025-01-29,54.77,True
ord_638,#1638,2025-01-29,91.09,False
ord_639,#1639,2025-01-29,89.09,True
ord_640,#1640,2025-01-29,181.35,True
ord_641,#1641,2025-01-29,191.52,True
ord_642,#1642,2025-01-29,55.45,True
ord_643,#1643,2025-01-29,53.24,False
ord_644,#1644,2025-01-29,40.17,True
ord_645,#1645,2025-01-29,28.98,True
ord_646,#1646,2025-01-29,118.2,False
ord_647,#1647,2025-01-29,123.24,False
ord_648,#1648,2025-01-30,35.07,False
ord_649,#1649,2025-01-30,150.92,True
ord_650,#1650,2025-01-30,142.85,True
ord_651,#1651,2025-01-30,55.04,True
ord_652,#1652,2025-01-30,52.27,False
ord_653,#1653,2025-01-30,44.36,False
ord_654,#1654,2025-01-30,36.09,False
ord_655,#1655,2025-01-30,142.53,False
ord_656,#1656,2025-01-30,161.29,False
ord_657,#1657,2025-01-30,50.05,False
ord_658,#1658,2025-01-30,90.83,True
ord_659,#1659,2025-01-30,66.21,False
ord_660,#1660,2025-01-30,47.66,True
ord_661,#1661,2025-01-30,231.47,True
ord_662,#1662,2025-01-30,62.22,False
ord_663,#1663,2025-01-30,106.25,True
ord_664,#1664,2025-01-30,33.61,True
ord_665,#1665,2025-01-30,191.12,True
ord_666,#1666,2025-01-30,10,True
ord_667,#1667,2025-01-31,48.25,True
ord_668,#1668,2025-01-31,82.63,False
ord_669,#1669,2025-01-31,14.28,False
ord_670,#1670,2025-01-31,87.95,False
ord_671,#1671,2025-01-31,65.69,False
ord_672,#1672,2025-01-31,28.0,True
ord_673,#1673,2025-01-31,181.91,False
ord_674,#1674,2025-01-31,187.62,True
ord_675,#1675,2025-01-31,144.14,False
ord_676,#1676,2025-01-31,171.85,True
ord_677,#1677,2025-01-31,146.36,True
ord_678,#1678,2025-01-31,32.37,True
ord_679,#1679,2025-01-31,29.07,False
ord_680,#1680,2025-01-31,58.52,True
ord_681,#1681,2025-01-31,27.93,False
ord_682,#1682,2025-01-31,23.25,True
ord_683,#1683,2025-01-31,58.36,False
ord_684,#1684,2025-01-31,99.96,True
ord_685,#1685,2025-01-31,176.11,False
ord_686,#1686,2025-01-31,58.39,False
ord_687,#1687,2025-01-31,49.75,False
ord_688,#1688,2025-02-01,132.29,True
ord_689,#1689,2025-02-01,128.07,False
ord_690,#1690,2025-02-01,164.98,True
ord_691,#1691,2025-02-01,43.18,True
ord_692,#1692,2025-02-01,39.15,False
ord_693,#1693,2025-02-01,173.76,True
ord_694,#1694,2025-02-01,162.77,True
ord_695,#1695,2025-02-01,51.23,True
ord_696,#1696,2025-02-01,13.85,False
ord_697,#1697,2025-02-01,47.05,False
ord_698,#1698,2025-02-01,74.46,False
ord_699,#1699,2025-02-01,20.41,True
ord_700,#1700,2025-02-01,120.45,False
ord_701,#1701,2025-02-01,10,True
ord_702,#1702,2025-02-02,43.72,True
ord_703,#1703,2025-02-02,93.99,False
ord_704,#1704,2025-02-02,10,False
ord_705,#1705,2025-02-02,212.42,True
ord_706,#1706,2025-02-02,173.97,True
ord_707,#1707,2025-02-02,40.95,False
ord_708,#1708,2025-02-02,96.48,False
ord_709,#1709,2025-02-02,194.11,False
ord_710,#1710,2025-02-02,141.24,True
ord_711,#1711,2025-02-02,71.66,False
ord_712,#1712,2025-02-02,45.96,False
ord_713,#1713,2025-02-02,17.98,True
ord_714,#1714,2025-02-02,31.29,False
ord_715,#1715,2025-02-02,165.81,False
ord_716,#1716,2025-02-02,142.29,False
ord_717,#1717,2025-02-02,85.55,False
ord_718,#1718,2025-02-02,63.21,True
ord_719,#1719,2025-02-02,178.94,True
ord_720,#1720,2025-02-02,44.87,False
ord_721,#1721,2025-02-03,45.12,False
ord_722,#1722,2025-02-03,39.88,False
ord_723,#1723,2025-02-03,174.4,False
ord_724,#1724,2025-02-03,20.27,False
ord_725,#1725,2025-02-03,102.69,False
ord_726,#1726,2025-02-03,73.74,False
ord_727,#1727,2025-02-03,95.69,True
ord_728,#1728,2025-02-03,68.41,False
ord_729,#1729,2025-02-03,184.48,False
ord_730,#1730,2025-02-03,51.43,False
ord_731,#1731,2025-02-03,54.9,False
ord_732,#1732,2025-02-03,100.37,True
ord_733,#1733,2025-02-03,39.72,True
ord_734,#1734,2025-02-03,33.27,True
ord_735,#1735,2025-02-03,35.1,False
ord_736,#1736,2025-02-03,41.32,True
ord_737,#1737,2025-02-03,136.27,True
ord_738,#1738,2025-02-03,54.55,False
ord_739,#1739,2025-02-03,89.47,False
ord_740,#1740,2025-02-03,25.24,False
ord_741,#1741,2025-02-03,47.39,True
ord_742,#1742,2025-02-03,57.52,False
ord_743,#1743,2025-02-03,56.85,True
ord_744,#1744,2025-02-03,52.72,True
ord_745,#1745,2025-02-03,45.41,False
ord_746,#1746,2025-02-03,58.52,False
ord_747,#1747,2025-02-04,46.64,False
ord_748,#1748,2025-02-04,28.53,False
ord_749,#1749,2025-02-04,10.15,False
ord_750,#1750,2025-02-04,73.02,True
ord_751,#1751,2025-02-04,160.96,False
ord_752,#1752,2025-02-04,52.08,True
ord_753,#1753,2025-02-04,68.66,True
ord_754,#1754,2025-02-04,56.47,False
ord_755,#1755,2025-02-04,41.13,True
ord_756,#1756,2025-02-04,28.46,False
ord_757,#1757,2025-02-04,14.76,True
ord_758,#1758,2025-02-04,29.0,False
ord_759,#1759,2025-02-04,10,False
ord_760,#1760,2025-02-04,151.52,True
ord_761,#1761,2025-02-04,63.24,True
ord_762,#1762,2025-02-04,58.9,True
ord_763,#1763,2025-02-04,35.66,True
ord_764,#1764,2025-02-04,111.58,False
ord_765,#1765,2025-02-04,46.51,False
ord_766,#1766,2025-02-04,122.49,False
ord_767,#1767,2025-02-04,18.47,False
ord_768,#1768,2025-02-04,48.89,True
ord_769,#1769,2025-02-04,78.79,False
ord_770,#1770,2025-02-04,32.94,False
ord_771,#1771,2025-02-04,25.8,True
ord_772,#1772,2025-02-04,10,True
ord_773,#1773,2025-02-04,84.03,False
ord_774,#1774,2025-02-05,13.95,False
ord_775,#1775,2025-02-05,35.35,True
ord_776,#1776,2025-02-05,41.52,False
ord_777,#1777,2025-02-05,92.02,False
ord_778,#1778,2025-02-05,76.28,False
ord_779,#1779,2025-02-05,90.47,True
ord_780,#1780,2025-02-05,117.67,True
ord_781,#1781,2025-02-05,57.01,False
ord_782,#1782,2025-02-05,26.94,False
ord_783,#1783,2025-02-05,29.23,True
ord_784,#1784,2025-02-05,39.91,False
ord_785,#1785,2025-02-05,39.9,False
ord_786,#1786,2025-02-05,54.15,False
ord_787,#1787,2025-02-05,97.39,False
ord_788,#1788,2025-02-05,64.94,False
ord_789,#1789,2025-02-05,33.51,False
ord_790,#1790,2025-02-05,58.12,True
ord_791,#1791,2025-02-05,43.63,False
ord_792,#1792,2025-02-05,23.64,False
ord_793,#1793,2025-02-05,74.14,True
ord_794,#1794,2025-02-05,49.36,True
ord_795,#1795,2025-02-05,173.94,True
ord_796,#1796,2025-02-05,11.83,True
ord_797,#1797,2025-02-06,39.78,True
ord_798,#1798,2025-02-06,70.91,False
ord_799,#1799,2025-02-06,50.14,False
ord_800,#1800,2025-02-06,10,False
ord_801,#1801,2025-02-06,70.75,True
ord_802,#1802,2025-02-06,49.51,True
ord_803,#1803,2025-02-06,12.8,False
ord_804,#1804,2025-02-06,15.52,False
ord_805,#1805,2025-02-06,119.0,False
ord_806,#1806,2025-02-06,23.34,True
ord_807,#1807,2025-02-06,115.18,False
ord_808,#1808,2025-02-06,114.92,True
ord_809,#1809,2025-02-06,22.1,False
ord_810,#1810,2025-02-06,40.97,True
ord_811,#1811,2025-02-06,130.82,True
ord_812,#1812,2025-02-06,39.08,False
ord_813,#1813,2025-02-06,46.73,False
ord_814,#1814,2025-02-06,63.21,True
ord_815,#1815,2025-02-06,11.7,True
ord_816,#1816,2025-02-06,71.77,False
ord_817,#1817,2025-02-06,66.8,True
ord_818,#1818,2025-02-06,73.6,False
ord_819,#1819,2025-02-06,43.08,False
ord_820,#1820,2025-02-07,30.62,True
ord_821,#1821,2025-02-07,36.45,True
ord_822,#1822,2025-02-07,34.19,False
ord_823,#1823,2025-02-07,49.5,False
ord_824,#1824,2025-02-07,81.24,False
ord_825,#1825,2025-02-07,65.04,True
ord_826,#1826,2025-02-07,77.13,False
ord_827,#1827,2025-02-07,41.12,False
ord_828,#1828,2025-02-07,40.89,True
ord_829,#1829,2025-02-07,71.12,False
ord_830,#1830,2025-02-07,37.98,False
ord_831,#1831,2025-02-07,115.58,False
ord_832,#1832,2025-02-07,140.71,False
ord_833,#1833,2025-02-07,58.11,False
ord_834,#1834,2025-02-07,60.69,True
ord_835,#1835,2025-02-08,86.95,True
ord_836,#1836,2025-02-08,32.83,True
ord_837,#1837,2025-02-08,37.21,True
ord_838,#1838,2025-02-08,67.85,True
ord_839,#1839,2025-02-08,44.43,False
ord_840,#1840,2025-02-08,204.9,False
ord_841,#1841,2025-02-08,53.5,False
ord_842,#1842,2025-02-08,15.15,False
ord_843,#1843,2025-02-08,63.26,False
ord_844,#1844,2025-02-08,40.91,False
ord_845,#1845,2025-02-08,49.34,False
ord_846,#1846,2025-02-08,71.04,False
ord_847,#1847,2025-02-08,165.27,False
ord_848,#1848,2025-02-08,60.18,True
ord_849,#1849,2025-02-08,162.45,True
ord_850,#1850,2025-02-08,92.82,False
ord_851,#1851,2025-02-08,137.57,False
ord_852,#1852,2025-02-08,74.13,False
ord_853,#1853,2025-02-08,46.32,True
ord_854,#1854,2025-02-08,36.13,False
ord_855,#1855,2025-02-09,34.33,False
ord_856,#1856,2025-02-09,150.01,False
ord_857,#1857,2025-02-09,72.21,False
ord_858,#1858,2025-02-09,47.11,True
ord_859,#1859,2025-02-09,35.99,False
ord_860,#1860,2025-02-09,41.59,False
ord_861,#1861,2025-02-09,41.28,True
ord_862,#1862,2025-02-09,33.72,True
ord_863,#1863,2025-02-09,34.77,True
ord_864,#1864,2025-02-09,45.97,True
ord_865,#1865,2025-02-09,72.89,False
ord_866,#1866,2025-02-09,81.11,True
ord_867,#1867,2025-02-09,64.15,False
ord_868,#1868,2025-02-09,131.57,False
ord_869,#1869,2025-02-09,21.24,False
ord_870,#1870,2025-02-09,50.62,False
ord_871,#1871,2025-02-09,25.06,True
ord_872,#1872,2025-02-09,14.9,False
ord_873,#1873,2025-02-09,46.4,True
ord_874,#1874,2025-02-09,57.11,True
ord_875,#1875,2025-02-10,261.69,True
ord_876,#1876,2025-02-10,24.29,False
ord_877,#1877,2025-02-10,32.56,True
ord_878,#1878,2025-02-10,66.34,True
ord_879,#1879,2025-02-10,22.63,True
ord_880,#1880,2025-02-10,159.35,False
ord_881,#1881,2025-02-10,88.32,False
ord_882,#1882,2025-02-10,60.0,False
ord_883,#1883,2025-02-10,138.34,False
ord_884,#1884,2025-02-10,145.27,False
ord_885,#1885,2025-02-10,59.68,False
ord_886,#1886,2025-02-10,125.98,False
ord_887,#1887,2025-02-10,10,False
ord_888,#1888,2025-02-10,50.57,False
ord_889,#1889,2025-02-10,132.48,False
ord_890,#1890,2025-02-10,24.98,False
ord_891,#1891,2025-02-10,90.69,False
ord_892,#1892,2025-02-10,69.96,False
ord_893,#1893,2025-02-10,61.51,False
ord_894,#1894,2025-02-10,19.32,True
ord_895,#1895,2025-02-10,204.35,False
ord_896,#1896,2025-02-10,86.63,False
ord_897,#1897,2025-02-10,120.21,True
ord_898,#1898,2025-02-10,45.05,True
ord_899,#1899,2025-02-10,72.77,False
ord_900,#1900,2025-02-10,84.3,False
ord_901,#1901,2025-02-10,21.39,True
ord_902,#1902,2025-02-10,28.09,False
ord_903,#1903,2025-02-11,159.44,False
ord_904,#1904,2025-02-11,77.35,True
ord_905,#1905,2025-02-11,39.09,False
ord_906,#1906,2025-02-11,41.91,False
ord_907,#1907,2025-02-11,21.09,True
ord_908,#1908,2025-02-11,167.15,False
ord_909,#1909,2025-02-11,43.85,True
ord_910,#1910,2025-02-11,42.14,True
ord_911,#1911,2025-02-11,116.16,True
ord_912,#1912,2025-02-11,70.18,False
ord_913,#1913,2025-02-11,31.25,False
ord_914,#1914,2025-02-11,45.11,False
ord_915,#1915,2025-02-11,49.52,False
ord_916,#1916,2025-02-11,54.59,True
ord_917,#1917,2025-02-11,46.9,True
ord_918,#1918,2025-02-11,66.19,False
ord_919,#1919,2025-02-11,49.27,False
ord_920,#1920,2025-02-12,155.27,False
ord_921,#1921,2025-02-12,71.06,True
ord_922,#1922,2025-02-12,26.64,False
ord_923,#1923,2025-02-12,36.66,False
ord_924,#1924,2025-02-12,30.02,True
ord_925,#1925,2025-02-12,29.07,False
ord_926,#1926,2025-02-12,119.52,True
ord_927,#1927,2025-02-12,130.0,False
ord_928,#1928,2025-02-12,19.28,True
ord_929,#1929,2025-02-12,86.79,True
ord_930,#1930,2025-02-12,38.59,False
ord_931,#1931,2025-02-12,47.56,True
ord_932,#1932,2025-02-12,138.58,False
ord_933,#1933,2025-02-12,54.56,False
ord_934,#1934,2025-02-12,49.48,True
ord_935,#1935,2025-02-12,38.74,True
ord_936,#1936,2025-02-12,41.85,True
ord_937,#1937,2025-02-12,73.6,False
ord_938,#1938,2025-02-12,10,False
ord_939,#1939,2025-02-13,76.92,False
ord_940,#1940,2025-02-13,131.67,False
ord_941,#1941,2025-02-13,49.65,True
ord_942,#1942,2025-02-13,140.21,False
ord_943,#1943,2025-02-13,17.84,True
ord_944,#1944,2025-02-13,65.52,True
ord_945,#1945,2025-02-13,152.35,True
ord_946,#1946,2025-02-13,33.66,False
ord_947,#1947,2025-02-13,47.54,False
ord_948,#1948,2025-02-13,109.78,True
ord_949,#1949,2025-02-13,69.64,True
ord_950,#1950,2025-02-13,41.09,False
ord_951,#1951,2025-02-13,149.86,False
ord_952,#1952,2025-02-13,180.5,False
ord_953,#1953,2025-02-13,33.99,True
ord_954,#1954,2025-02-14,52.28,True
ord_955,#1955,2025-02-14,24.66,True
ord_956,#1956,2025-02-14,60.5,True
ord_957,#1957,2025-02-14,10,True
ord_958,#1958,2025-02-14,173.8,True
ord_959,#1959,2025-02-14,37.55,True
ord_960,#1960,2025-02-14,64.33,False
ord_961,#1961,2025-02-14,45.88,True
ord_962,#1962,2025-02-14,43.39,True
ord_963,#1963,2025-02-14,25.19,False
ord_964,#1964,2025-02-14,49.0,False
ord_965,#1965,2025-02-14,10.74,True
ord_966,#1966,2025-02-14,138.64,False
ord_967,#1967,2025-02-14,25.75,True
ord_968,#1968,2025-02-14,90.56,False
ord_969,#1969,2025-02-14,34.25,True
ord_970,#1970,2025-02-14,32.48,True
ord_971,#1971,2025-02-14,42.2,False
ord_972,#1972,2025-02-14,123.08,False
ord_973,#1973,2025-02-15,31.47,False
ord_974,#1974,2025-02-15,78.2,False
ord_975,#1975,2025-02-15,72.3,True
ord_976,#1976,2025-02-15,17.58,True
ord_977,#1977,2025-02-15,58.64,False
ord_978,#1978,2025-02-15,209.71,True
ord_979,#1979,2025-02-15,120.56,False
ord_980,#1980,2025-02-15,205.88,True
ord_981,#1981,2025-02-15,48.19,False
ord_982,#1982,2025-02-15,20.94,False
ord_983,#1983,2025-02-15,32.52,True
ord_984,#1984,2025-02-15,183.14,False
ord_985,#1985,2025-02-15,36.42,False
ord_986,#1986,2025-02-15,94.55,True
ord_987,#1987,2025-02-15,33.11,True
ord_988,#1988,2025-02-15,31.87,True
ord_989,#1989,2025-02-15,134.62,False
ord_990,#1990,2025-02-15,45.33,False
ord_991,#1991,2025-02-15,54.91,True
ord_992,#1992,2025-02-15,135.62,False
ord_993,#1993,2025-02-15,107.6,False
ord_994,#1994,2025-02-16,126.68,True
ord_995,#1995,2025-02-16,94.94,False
ord_996,#1996,2025-02-16,138.37,True
ord_997,#1997,2025-02-16,69.5,True
ord_998,#1998,2025-02-16,63.53,False
ord_999,#1999,2025-02-16,31.29,False
ord_1000,#2000,2025-02-16,52.17,False
ord_1001,#2001,2025-02-16,62.04,False
ord_1002,#2002,2025-02-16,102.21,True
ord_1003,#2003,2025-02-16,42.46,True
ord_1004,#2004,2025-02-16,73.51,True
ord_1005,#2005,2025-02-16,45.13,True
ord_1006,#2006,2025-02-16,126.01,False
ord_1007,#2007,2025-02-16,83.56,False
ord_1008,#2008,2025-02-16,21.8,False
ord_1009,#2009,2025-02-16,111.16,True
ord_1010,#2010,2025-02-16,166.78,True
ord_1011,#2011,2025-02-16,158.93,True
ord_1012,#2012,2025-02-16,137.09,True
ord_1013,#2013,2025-02-16,67.02,False
ord_1014,#2014,2025-02-17,68.86,True
ord_1015,#2015,2025-02-17,38.97,False
ord_1016,#2016,2025-02-17,40.26,False
ord_1017,#2017,2025-02-17,198.75,True
ord_1018,#2018,2025-02-17,62.31,False
ord_1019,#2019,2025-02-17,23.64,False
ord_1020,#2020,2025-02-17,68.02,True
ord_1021,#2021,2025-02-17,29.02,False
ord_1022,#2022,2025-02-17,90.38,False
ord_1023,#2023,2025-02-17,54.08,True
ord_1024,#2024,2025-02-17,176.74,True
ord_1025,#2025,2025-02-17,99.66,False
ord_1026,#2026,2025-02-17,49.8,False
ord_1027,#2027,2025-02-17,142.38,True
ord_1028,#2028,2025-02-17,36.89,True
ord_1029,#2029,2025-02-17,66.64,True
ord_1030,#2030,2025-02-18,62.7,True
ord_1031,#2031,2025-02-18,117.62,False
ord_1032,#2032,2025-02-18,70.01,True
ord_1033,#2033,2025-02-18,79.48,False
ord_1034,#2034,2025-02-18,66.16,True
ord_1035,#2035,2025-02-18,107.0,False
ord_1036,#2036,2025-02-18,10,True
ord_1037,#2037,2025-02-18,38.0,True
ord_1038,#2038,2025-02-18,212.03,False
ord_1039,#2039,2025-02-18,50.05,False
ord_1040,#2040,2025-02-18,55.36,True
ord_1041,#2041,2025-02-18,39.8,True
ord_1042,#2042,2025-02-18,32.33,False
ord_1043,#2043,2025-02-18,37.81,True
ord_1044,#2044,2025-02-18,112.09,False
ord_1045,#2045,2025-02-18,13.08,False
ord_1046,#2046,2025-02-18,23.14,False
ord_1047,#2047,2025-02-18,24.88,False
ord_1048,#2048,2025-02-18,50.98,False
ord_1049,#2049,2025-02-18,48.21,False
ord_1050,#2050,2025-02-18,72.24,True
ord_1051,#2051,2025-02-19,113.93,False
ord_1052,#2052,2025-02-19,43.18,True
ord_1053,#2053,2025-02-19,33.97,False
ord_1054,#2054,2025-02-19,42.17,True
ord_1055,#2055,2025-02-19,77.53,False
ord_1056,#2056,2025-02-19,58.54,True
ord_1057,#2057,2025-02-19,36.61,True
ord_1058,#2058,2025-02-19,51.56,True
ord_1059,#2059,2025-02-19,65.32,False
ord_1060,#2060,2025-02-19,57.03,True
ord_1061,#2061,2025-02-19,16.02,True
ord_1062,#2062,2025-02-19,125.54,False
ord_1063,#2063,2025-02-19,76.19,True
ord_1064,#2064,2025-02-19,157.68,True
ord_1065,#2065,2025-02-19,78.97,True
ord_1066,#2066,2025-02-19,53.55,True
ord_1067,#2067,2025-02-20,259.52,False
ord_1068,#2068,2025-02-20,48.69,False
ord_1069,#2069,2025-02-20,49.81,True
ord_1070,#2070,2025-02-20,134.69,True
ord_1071,#2071,2025-02-20,100.5,False
ord_1072,#2072,2025-02-20,123.55,False
ord_1073,#2073,2025-02-20,41.99,False
ord_1074,#2074,2025-02-20,51.33,True
ord_1075,#2075,2025-02-20,69.04,True
ord_1076,#2076,2025-02-20,43.61,False
ord_1077,#2077,2025-02-20,34.05,False
ord_1078,#2078,2025-02-20,149.42,True
ord_1079,#2079,2025-02-20,128.24,False
ord_1080,#2080,2025-02-20,43.54,True
ord_1081,#2081,2025-02-20,42.86,False
ord_1082,#2082,2025-02-20,126.46,False
ord_1083,#2083,2025-02-21,125.78,False
ord_1084,#2084,2025-02-21,64.44,True
ord_1085,#2085,2025-02-21,88.51,False
ord_1086,#2086,2025-02-21,42.47,False
ord_1087,#2087,2025-02-21,45.4,True
ord_1088,#2088,2025-02-21,69.55,True
ord_1089,#2089,2025-02-21,28.26,True
ord_1090,#2090,2025-02-21,176.17,False
ord_1091,#2091,2025-02-21,47.75,False
ord_1092,#2092,2025-02-21,47.02,True
ord_1093,#2093,2025-02-21,42.84,False
ord_1094,#2094,2025-02-21,148.17,True
ord_1095,#2095,2025-02-21,71.7,False
ord_1096,#2096,2025-02-21,38.25,True
ord_1097,#2097,2025-02-21,88.11,True
ord_1098,#2098,2025-02-21,36.93,True
ord_1099,#2099,2025-02-21,10.32,False
ord_1100,#2100,2025-02-21,35.78,False
ord_1101,#2101,2025-02-21,88.57,False
ord_1102,#2102,2025-02-21,94.58,False
ord_1103,#2103,2025-02-22,36.3,False
ord_1104,#2104,2025-02-22,28.04,False
ord_1105,#2105,2025-02-22,213.75,False
ord_1106,#2106,2025-02-22,26.64,False
ord_1107,#2107,2025-02-22,148.62,False
ord_1108,#2108,2025-02-22,46.73,True
ord_1109,#2109,2025-02-22,96.64,False
ord_1110,#2110,2025-02-22,31.77,True
ord_1111,#2111,2025-02-22,105.18,True
ord_1112,#2112,2025-02-22,61.57,False
ord_1113,#2113,2025-02-22,128.65,True
ord_1114,#2114,2025-02-22,92.84,True
ord_1115,#2115,2025-02-22,45.58,False
ord_1116,#2116,2025-02-22,42.43,False
ord_1117,#2117,2025-02-22,171.21,False
ord_1118,#2118,2025-02-22,97.25,False
ord_1119,#2119,2025-02-22,19.24,True
ord_1120,#2120,2025-02-22,45.41,True
ord_1121,#2121,2025-02-22,170.93,True
ord_1122,#2122,2025-02-22,19.82,False
ord_1123,#2123,2025-02-22,23.76,False
ord_1124,#2124,2025-02-22,65.65,False
ord_1125,#2125,2025-02-23,69.18,True
ord_1126,#2126,2025-02-23,118.42,False
ord_1127,#2127,2025-02-23,40.67,True
ord_1128,#2128,2025-02-23,40.35,True
ord_1129,#2129,2025-02-23,69.15,False
ord_1130,#2130,2025-02-23,50.04,False
ord_1131,#2131,2025-02-23,55.55,False
ord_1132,#2132,2025-02-23,25.78,False
ord_1133,#2133,2025-02-23,111.05,False
ord_1134,#2134,2025-02-23,34.83,True
ord_1135,#2135,2025-02-23,41.88,False
ord_1136,#2136,2025-02-23,31.94,False
ord_1137,#2137,2025-02-23,142.92,True
ord_1138,#2138,2025-02-23,14.51,False
ord_1139,#2139,2025-02-23,25.53,False
ord_1140,#2140,2025-02-23,42.06,False
ord_1141,#2141,2025-02-23,19.98,False
ord_1142,#2142,2025-02-23,68.32,False
ord_1143,#2143,2025-02-23,53.53,False
ord_1144,#2144,2025-02-23,35.78,True
ord_1145,#2145,2025-02-23,53.79,True
ord_1146,#2146,2025-02-24,53.15,True
ord_1147,#2147,2025-02-24,71.7,False
ord_1148,#2148,2025-02-24,86.38,True
ord_1149,#2149,2025-02-24,46.5,False
ord_1150,#2150,2025-02-24,68.78,True
ord_1151,#2151,2025-02-24,57.96,False
ord_1152,#2152,2025-02-24,47.88,True
ord_1153,#2153,2025-02-24,105.9,True
ord_1154,#2154,2025-02-24,72.47,True
ord_1155,#2155,2025-02-24,37.28,True
ord_1156,#2156,2025-02-24,58.01,False
ord_1157,#2157,2025-02-24,187.21,False
ord_1158,#2158,2025-02-24,144.27,False
ord_1159,#2159,2025-02-24,169.48,True
ord_1160,#2160,2025-02-24,31.77,True
ord_1161,#2161,2025-02-24,59.35,False
ord_1162,#2162,2025-02-24,65.44,True
ord_1163,#2163,2025-02-24,68.05,False
ord_1164,#2164,2025-02-24,101.66,False
ord_1165,#2165,2025-02-24,104.43,False
ord_1166,#2166,2025-02-24,27.47,False
ord_1167,#2167,2025-02-25,31.48,False
ord_1168,#2168,2025-02-25,92.44,True
ord_1169,#2169,2025-02-25,22.63,False
ord_1170,#2170,2025-02-25,35.71,True
ord_1171,#2171,2025-02-25,84.19,True
ord_1172,#2172,2025-02-25,10,False
ord_1173,#2173,2025-02-25,65.72,False
ord_1174,#2174,2025-02-25,15.74,True
ord_1175,#2175,2025-02-25,43.04,True
ord_1176,#2176,2025-02-25,42.71,False
ord_1177,#2177,2025-02-25,27.32,True
ord_1178,#2178,2025-02-25,118.14,True
ord_1179,#2179,2025-02-26,17.69,True
ord_1180,#2180,2025-02-26,29.32,False
ord_1181,#2181,2025-02-26,183.59,False
ord_1182,#2182,2025-02-26,15.57,False
ord_1183,#2183,2025-02-26,14.75,False
ord_1184,#2184,2025-02-26,43.23,True
ord_1185,#2185,2025-02-26,25.17,True
ord_1186,#2186,2025-02-26,52.89,False
ord_1187,#2187,2025-02-26,193.45,True
ord_1188,#2188,2025-02-26,117.61,False
ord_1189,#2189,2025-02-26,132.35,False
ord_1190,#2190,2025-02-26,24.32,False
ord_1191,#2191,2025-02-26,163.0,False
ord_1192,#2192,2025-02-26,65.27,False
ord_1193,#2193,2025-02-26,49.08,False
ord_1194,#2194,2025-02-26,128.96,True
ord_1195,#2195,2025-02-26,161.47,False
ord_1196,#2196,2025-02-26,109.46,False
ord_1197,#2197,2025-02-26,46.55,True
ord_1198,#2198,2025-02-26,113.3,False
ord_1199,#2199,2025-02-26,20.79,False
ord_1200,#2200,2025-02-27,13.99,True
ord_1201,#2201,2025-02-27,43.49,False
ord_1202,#2202,2025-02-27,52.99,False
ord_1203,#2203,2025-02-27,102.29,False
ord_1204,#2204,2025-02-27,40.23,False
ord_1205,#2205,2025-02-27,94.89,True
ord_1206,#2206,2025-02-27,180.65,True
ord_1207,#2207,2025-02-27,42.08,False
ord_1208,#2208,2025-02-27,62.29,True
ord_1209,#2209,2025-02-27,72.81,False
ord_1210,#2210,2025-02-27,47.67,True
ord_1211,#2211,2025-02-27,64.67,True
ord_1212,#2212,2025-02-27,69.25,True
ord_1213,#2213,2025-02-27,91.35,True
ord_1214,#2214,2025-02-27,63.38,False
ord_1215,#2215,2025-02-27,64.9,True
ord_1216,#2216,2025-02-27,51.99,False
ord_1217,#2217,2025-02-27,98.35,True
ord_1218,#2218,2025-02-27,54.27,False
ord_1219,#2219,2025-02-27,10,False
ord_1220,#2220,2025-02-27,33.73,True
ord_1221,#2221,2025-02-27,169.19,False
ord_1222,#2222,2025-02-27,92.83,False
ord_1223,#2223,2025-02-27,46.63,False
ord_1224,#2224,2025-02-28,162.59,False
ord_1225,#2225,2025-02-28,94.03,False
ord_1226,#2226,2025-02-28,108.13,False
ord_1227,#2227,2025-02-28,46.43,False
ord_1228,#2228,2025-02-28,48.06,True
ord_1229,#2229,2025-02-28,17.93,False
ord_1230,#2230,2025-02-28,86.78,False
ord_1231,#2231,2025-02-28,70.73,False
ord_1232,#2232,2025-02-28,26.72,False
ord_1233,#2233,2025-02-28,27.65,True
ord_1234,#2234,2025-02-28,46.34,False
ord_1235,#2235,2025-02-28,72.62,False
ord_1236,#2236,2025-02-28,40.8,False
ord_1237,#2237,2025-02-28,38.13,False
ord_1238,#2238,2025-02-28,20.23,False
ord_1239,#2239,2025-02-28,50.88,False
ord_1240,#2240,2025-02-28,73.45,False
ord_1241,#2241,2025-02-28,68.16,False
ord_1242,#2242,2025-02-28,197.64,False
ord_1243,#2243,2025-02-28,169.64,False
ord_1244,#2244,2025-02-28,51.87,False
ord_1245,#2245,2025-02-28,54.06,False
ord_1246,#2246,2025-02-28,37.72,False
ord_1247,#2247,2025-02-28,80.35,True
ord_1248,#2248,2025-02-28,10,True
ord_1249,#2249,2025-03-01,103.57,False
ord_1250,#2250,2025-03-01,47.99,True
ord_1251,#2251,2025-03-01,38.7,False
ord_1252,#2252,2025-03-01,115.0,True
ord_1253,#2253,2025-03-01,144.33,False
ord_1254,#2254,2025-03-01,34.05,True
ord_1255,#2255,2025-03-01,26.53,False
ord_1256,#2256,2025-03-01,62.0,True
ord_1257,#2257,2025-03-01,79.06,True
ord_1258,#2258,2025-03-01,76.27,False
ord_1259,#2259,2025-03-01,48.2,False
ord_1260,#2260,2025-03-01,46.55,False
ord_1261,#2261,2025-03-01,181.78,False
ord_1262,#2262,2025-03-01,59.55,False
ord_1263,#2263,2025-03-01,91.89,False
ord_1264,#2264,2025-03-01,50.67,False
ord_1265,#2265,2025-03-01,55.7,False
ord_1266,#2266,2025-03-01,182.64,True
ord_1267,#2267,2025-03-01,23.7,True
ord_1268,#2268,2025-03-01,153.4,False
ord_1269,#2269,2025-03-01,163.42,False
ord_1270,#2270,2025-03-01,59.96,False
ord_1271,#2271,2025-03-01,206.41,False
ord_1272,#2272,2025-03-01,41.44,False
ord_1273,#2273,2025-03-01,12.58,False
ord_1274,#2274,2025-03-02,21.12,True
ord_1275,#2275,2025-03-02,18.36,True
ord_1276,#2276,2025-03-02,61.19,False
ord_1277,#2277,2025-03-02,131.65,False
ord_1278,#2278,2025-03-02,132.33,True
ord_1279,#2279,2025-03-02,80.57,False
ord_1280,#2280,2025-03-02,103.6,False
ord_1281,#2281,2025-03-02,42.23,True
ord_1282,#2282,2025-03-02,145.3,True
ord_1283,#2283,2025-03-02,18.91,False
ord_1284,#2284,2025-03-02,115.36,True
ord_1285,#2285,2025-03-02,146.26,True
ord_1286,#2286,2025-03-02,57.21,True
ord_1287,#2287,2025-03-02,68.82,False
ord_1288,#2288,2025-03-02,37.99,False
ord_1289,#2289,2025-03-02,65.14,True
ord_1290,#2290,2025-03-02,73.56,True
ord_1291,#2291,2025-03-02,81.85,False
ord_1292,#2292,2025-03-02,124.07,False
ord_1293,#2293,2025-03-02,66.48,False
ord_1294,#2294,2025-03-02,23.97,True
ord_1295,#2295,2025-03-02,18.83,True
ord_1296,#2296,2025-03-03,198.52,False
ord_1297,#2297,2025-03-03,38.75,True
ord_1298,#2298,2025-03-03,65.47,True
ord_1299,#2299,2025-03-03,48.54,False
ord_1300,#2300,2025-03-03,143.81,True
ord_1301,#2301,2025-03-03,38.74,False
ord_1302,#2302,2025-03-03,24.95,False
ord_1303,#2303,2025-03-03,44.03,False
ord_1304,#2304,2025-03-03,54.04,False
ord_1305,#2305,2025-03-03,113.44,True
ord_1306,#2306,2025-03-03,18.47,False
ord_1307,#2307,2025-03-03,16.43,False
ord_1308,#2308,2025-03-03,36.19,True
ord_1309,#2309,2025-03-03,31.73,True
ord_1310,#2310,2025-03-03,49.69,True
ord_1311,#2311,2025-03-03,72.09,False
ord_1312,#2312,2025-03-03,92.45,False
ord_1313,#2313,2025-03-03,191.82,True
ord_1314,#2314,2025-03-03,187.43,False
ord_1315,#2315,2025-03-04,67.29,False
ord_1316,#2316,2025-03-04,10,False
ord_1317,#2317,2025-03-04,144.18,True
ord_1318,#2318,2025-03-04,73.16,True
ord_1319,#2319,2025-03-04,25.44,True
ord_1320,#2320,2025-03-04,86.68,True
ord_1321,#2321,2025-03-04,150.2,True
ord_1322,#2322,2025-03-04,10,False
ord_1323,#2323,2025-03-04,47.39,False
ord_1324,#2324,2025-03-05,71.89,False
ord_1325,#2325,2025-03-05,114.96,True
ord_1326,#2326,2025-03-05,35.88,True
ord_1327,#2327,2025-03-05,54.04,False
ord_1328,#2328,2025-03-05,102.81,False
ord_1329,#2329,2025-03-05,31.62,False
ord_1330,#2330,2025-03-05,10,False
ord_1331,#2331,2025-03-05,10,False
ord_1332,#2332,2025-03-05,157.69,False
ord_1333,#2333,2025-03-05,80.4,False
ord_1334,#2334,2025-03-05,34.51,False
ord_1335,#2335,2025-03-05,36.6,False
ord_1336,#2336,2025-03-05,73.98,True
ord_1337,#2337,2025-03-05,52.95,False
ord_1338,#2338,2025-03-05,115.02,False
ord_1339,#2339,2025-03-05,64.09,True
ord_1340,#2340,2025-03-05,132.04,False
ord_1341,#2341,2025-03-05,106.65,False
ord_1342,#2342,2025-03-05,136.29,True
ord_1343,#2343,2025-03-05,39.93,False
ord_1344,#2344,2025-03-05,18.67,False
ord_1345,#2345,2025-03-05,10,False
ord_1346,#2346,2025-03-05,99.94,True
ord_1347,#2347,2025-03-05,46.39,True
ord_1348,#2348,2025-03-05,105.62,False
ord_1349,#2349,2025-03-05,27.21,True
ord_1350,#2350,2025-03-06,49.88,True
ord_1351,#2351,2025-03-06,113.76,False
ord_1352,#2352,2025-03-06,194.53,True
ord_1353,#2353,2025-03-06,53.82,True
ord_1354,#2354,2025-03-06,50.99,True
ord_1355,#2355,2025-03-06,23.75,False
ord_1356,#2356,2025-03-06,10,True
ord_1357,#2357,2025-03-06,121.61,False
ord_1358,#2358,2025-03-06,194.84,True
ord_1359,#2359,2025-03-06,111.59,False
ord_1360,#2360,2025-03-06,63.35,False
ord_1361,#2361,2025-03-06,14.6,True
ord_1362,#2362,2025-03-06,58.08,False
ord_1363,#2363,2025-03-07,10,True
ord_1364,#2364,2025-03-07,62.14,False
ord_1365,#2365,2025-03-07,121.53,False
ord_1366,#2366,2025-03-07,41.5,True
ord_1367,#2367,2025-03-07,20.83,False
ord_1368,#2368,2025-03-07,34.87,False
ord_1369,#2369,2025-03-07,139.43,False
ord_1370,#2370,2025-03-07,72.5,False
ord_1371,#2371,2025-03-07,150.62,False
ord_1372,#2372,2025-03-07,127.38,False
ord_1373,#2373,2025-03-07,117.24,True
ord_1374,#2374,2025-03-07,46.56,False
ord_1375,#2375,2025-03-07,23.12,False
ord_1376,#2376,2025-03-07,70.82,False
ord_1377,#2377,2025-03-07,114.58,False
ord_1378,#2378,2025-03-07,152.36,False
ord_1379,#2379,2025-03-07,58.3,True
ord_1380,#2380,2025-03-07,186.63,True
ord_1381,#2381,2025-03-07,26.72,False
ord_1382,#2382,2025-03-07,76.22,False
ord_1383,#2383,2025-03-07,159.39,False
ord_1384,#2384,2025-03-07,76.36,False
ord_1385,#2385,2025-03-07,82.91,True
ord_1386,#2386,2025-03-07,95.57,True
ord_1387,#2387,2025-03-07,109.54,False
ord_1388,#2388,2025-03-08,94.95,False
ord_1389,#2389,2025-03-08,54.95,False
ord_1390,#2390,2025-03-08,64.81,True
ord_1391,#2391,2025-03-08,35.35,False
ord_1392,#2392,2025-03-08,153.21,True
ord_1393,#2393,2025-03-08,114.86,True
ord_1394,#2394,2025-03-08,58.21,True
ord_1395,#2395,2025-03-08,27.21,False
ord_1396,#2396,2025-03-08,137.53,False
ord_1397,#2397,2025-03-08,17.36,False
ord_1398,#2398,2025-03-08,204.41,False
ord_1399,#2399,2025-03-08,170.98,False
ord_1400,#2400,2025-03-08,105.25,False
ord_1401,#2401,2025-03-08,76.82,True
ord_1402,#2402,2025-03-08,65.82,True
ord_1403,#2403,2025-03-08,28.17,True
ord_1404,#2404,2025-03-08,174.62,False
ord_1405,#2405,2025-03-08,50.62,False
ord_1406,#2406,2025-03-08,56.03,False
ord_1407,#2407,2025-03-08,10,False
ord_1408,#2408,2025-03-08,39.41,True
ord_1409,#2409,2025-03-08,10,False
ord_1410,#2410,2025-03-09,57.34,False
ord_1411,#2411,2025-03-09,119.81,False
ord_1412,#2412,2025-03-09,108.88,False
ord_1413,#2413,2025-03-09,49.77,False
ord_1414,#2414,2025-03-09,73.4,False
ord_1415,#2415,2025-03-09,59.11,True
ord_1416,#2416,2025-03-09,33.83,True
ord_1417,#2417,2025-03-09,34.2,False
ord_1418,#2418,2025-03-09,35.63,False
ord_1419,#2419,2025-03-09,233.47,False
ord_1420,#2420,2025-03-09,160.7,True
ord_1421,#2421,2025-03-09,31.02,True
ord_1422,#2422,2025-03-09,32.02,True
ord_1423,#2423,2025-03-09,159.58,True
ord_1424,#2424,2025-03-09,99.14,False
ord_1425,#2425,2025-03-09,10,True
ord_1426,#2426,2025-03-09,59.01,True
ord_1427,#2427,2025-03-09,41.71,True
ord_1428,#2428,2025-03-09,75.02,True
ord_1429,#2429,2025-03-09,34.91,False
ord_1430,#2430,2025-03-09,115.73,False
ord_1431,#2431,2025-03-09,18.99,False
ord_1432,#2432,2025-03-09,58.21,False
ord_1433,#2433,2025-03-10,61.91,True
ord_1434,#2434,2025-03-10,90.09,True
ord_1435,#2435,2025-03-10,93.65,False
ord_1436,#2436,2025-03-10,62.15,False
ord_1437,#2437,2025-03-10,27.85,False
ord_1438,#2438,2025-03-10,57.46,False
ord_1439,#2439,2025-03-10,154.03,True
ord_1440,#2440,2025-03-10,55.07,False
ord_1441,#2441,2025-03-10,93.78,False
ord_1442,#2442,2025-03-10,34.2,False
ord_1443,#2443,2025-03-10,84.71,False
ord_1444,#2444,2025-03-10,41.45,False
ord_1445,#2445,2025-03-10,55.03,True
ord_1446,#2446,2025-03-10,78.7,True
ord_1447,#2447,2025-03-10,38.73,False
ord_1448,#2448,2025-03-10,73.03,True
ord_1449,#2449,2025-03-10,83.81,False
ord_1450,#2450,2025-03-10,105.52,True
ord_1451,#2451,2025-03-10,35.01,True
ord_1452,#2452,2025-03-10,44.17,False
ord_1453,#2453,2025-03-10,57.75,True
ord_1454,#2454,2025-03-10,27.61,True
ord_1455,#2455,2025-03-10,62.85,False
ord_1456,#2456,2025-03-10,33.79,False
ord_1457,#2457,2025-03-10,45.04,True
ord_1458,#2458,2025-03-10,164.33,False
ord_1459,#2459,2025-03-10,42.26,True
ord_1460,#2460,2025-03-10,184.81,True
ord_1461,#2461,2025-03-11,63.01,False
ord_1462,#2462,2025-03-11,90.17,False
ord_1463,#2463,2025-03-11,28.71,False
ord_1464,#2464,2025-03-11,106.49,False
ord_1465,#2465,2025-03-11,71.94,False
ord_1466,#2466,2025-03-11,54.71,False
ord_1467,#2467,2025-03-11,69.62,False
ord_1468,#2468,2025-03-11,128.78,True
ord_1469,#2469,2025-03-11,50.98,False
ord_1470,#2470,2025-03-11,161.09,False
ord_1471,#2471,2025-03-11,68.46,True
ord_1472,#2472,2025-03-11,76.43,True
ord_1473,#2473,2025-03-11,85.33,True
ord_1474,#2474,2025-03-11,105.67,False
ord_1475,#2475,2025-03-11,133.66,False
ord_1476,#2476,2025-03-11,81.06,False
ord_1477,#2477,2025-03-11,162.53,True
ord_1478,#2478,2025-03-11,65.45,False
ord_1479,#2479,2025-03-11,138.43,False
ord_1480,#2480,2025-03-11,118.45,True
ord_1481,#2481,2025-03-12,68.89,False
ord_1482,#2482,2025-03-12,120.89,True
ord_1483,#2483,2025-03-12,34.15,False
ord_1484,#2484,2025-03-12,62.49,True
ord_1485,#2485,2025-03-12,11.33,False
ord_1486,#2486,2025-03-12,60.61,False
ord_1487,#2487,2025-03-12,120.6,False
ord_1488,#2488,2025-03-12,160.58,False
ord_1489,#2489,2025-03-12,87.56,True
ord_1490,#2490,2025-03-12,34.05,True
ord_1491,#2491,2025-03-12,278.48,False
ord_1492,#2492,2025-03-13,79.68,False
ord_1493,#2493,2025-03-13,163.8,False
ord_1494,#2494,2025-03-13,160.92,True
ord_1495,#2495,2025-03-13,27.6,True
ord_1496,#2496,2025-03-13,82.18,True
ord_1497,#2497,2025-03-13,60.97,True
ord_1498,#2498,2025-03-13,35.16,False
ord_1499,#2499,2025-03-13,46.31,True
ord_1500,#2500,2025-03-13,88.36,False
ord_1501,#2501,2025-03-13,155.27,True
ord_1502,#2502,2025-03-13,52.69,False
ord_1503,#2503,2025-03-13,12.37,True
ord_1504,#2504,2025-03-13,27.05,True
ord_1505,#2505,2025-03-14,124.32,True
ord_1506,#2506,2025-03-14,47.33,False
ord_1507,#2507,2025-03-14,151.78,False
ord_1508,#2508,2025-03-14,20.2,False
ord_1509,#2509,2025-03-14,39.93,False
ord_1510,#2510,2025-03-14,64.01,False
ord_1511,#2511,2025-03-14,10,True
ord_1512,#2512,2025-03-14,171.91,False
ord_1513,#2513,2025-03-14,27.76,False
ord_1514,#2514,2025-03-14,50.6,False
ord_1515,#2515,2025-03-14,31.97,True
ord_1516,#2516,2025-03-14,50.53,False
ord_1517,#2517,2025-03-14,134.77,True
ord_1518,#2518,2025-03-14,120.68,True
ord_1519,#2519,2025-03-14,105.28,False
ord_1520,#2520,2025-03-14,56.21,True
ord_1521,#2521,2025-03-14,145.95,False
ord_1522,#2522,2025-03-14,149.72,False
ord_1523,#2523,2025-03-14,38.47,True
ord_1524,#2524,2025-03-15,172.21,False
ord_1525,#2525,2025-03-15,57.56,False
ord_1526,#2526,2025-03-15,64.94,False
ord_1527,#2527,2025-03-15,42.04,True
ord_1528,#2528,2025-03-15,43.42,True
ord_1529,#2529,2025-03-15,10,True
ord_1530,#2530,2025-03-15,32.54,False
ord_1531,#2531,2025-03-15,75.42,False
ord_1532,#2532,2025-03-15,169.63,True
ord_1533,#2533,2025-03-15,34.9,True
ord_1534,#2534,2025-03-15,54.53,False
ord_1535,#2535,2025-03-15,53.32,False
ord_1536,#2536,2025-03-15,137.27,False
ord_1537,#2537,2025-03-15,40.32,True
ord_1538,#2538,2025-03-15,141.87,True
ord_1539,#2539,2025-03-15,60.37,True
ord_1540,#2540,2025-03-15,141.91,True
ord_1541,#2541,2025-03-15,57.31,False
ord_1542,#2542,2025-03-15,25.89,False
ord_1543,#2543,2025-03-15,61.95,False
ord_1544,#2544,2025-03-15,58.18,True
ord_1545,#2545,2025-03-15,37.2,False
ord_1546,#2546,2025-03-15,107.52,True
ord_1547,#2547,2025-03-15,84.47,False
ord_1548,#2548,2025-03-15,67.83,False
ord_1549,#2549,2025-03-15,105.91,False
ord_1550,#2550,2025-03-15,76.12,False
ord_1551,#2551,2025-03-16,29.11,False
ord_1552,#2552,2025-03-16,28.9,False
ord_1553,#2553,2025-03-16,46.57,True
ord_1554,#2554,2025-03-16,37.56,True
ord_1555,#2555,2025-03-16,37.24,True
ord_1556,#2556,2025-03-16,168.35,False
ord_1557,#2557,2025-03-16,41.57,False
ord_1558,#2558,2025-03-16,74.6,False
ord_1559,#2559,2025-03-16,158.59,True
ord_1560,#2560,2025-03-16,81.13,True
ord_1561,#2561,2025-03-16,122.38,False
ord_1562,#2562,2025-03-16,172.01,False
ord_1563,#2563,2025-03-16,49.19,True
ord_1564,#2564,2025-03-16,40.0,False
ord_1565,#2565,2025-03-16,123.24,True
ord_1566,#2566,2025-03-16,93.17,False
ord_1567,#2567,2025-03-16,45.58,True
ord_1568,#2568,2025-03-17,54.55,False
ord_1569,#2569,2025-03-17,59.5,True
ord_1570,#2570,2025-03-17,26.15,False
ord_1571,#2571,2025-03-17,36.98,True
ord_1572,#2572,2025-03-17,89.08,True
ord_1573,#2573,2025-03-17,72.09,True
ord_1574,#2574,2025-03-17,186.93,True
ord_1575,#2575,2025-03-17,34.41,True
ord_1576,#2576,2025-03-17,158.87,True
ord_1577,#2577,2025-03-17,28.22,True
ord_1578,#2578,2025-03-17,20.87,True
ord_1579,#2579,2025-03-17,34.77,False
ord_1580,#2580,2025-03-17,64.74,False
ord_1581,#2581,2025-03-17,36.13,False
ord_1582,#2582,2025-03-17,19.89,True
ord_1583,#2583,2025-03-17,48.29,False
ord_1584,#2584,2025-03-17,36.43,False
ord_1585,#2585,2025-03-17,83.16,True
ord_1586,#2586,2025-03-17,68.37,False
ord_1587,#2587,2025-03-18,47.99,False
ord_1588,#2588,2025-03-18,108.86,False
ord_1589,#2589,2025-03-18,64.66,False
ord_1590,#2590,2025-03-18,49.98,True
ord_1591,#2591,2025-03-18,37.59,False
ord_1592,#2592,2025-03-18,53.92,False
ord_1593,#2593,2025-03-18,79.51,False
ord_1594,#2594,2025-03-18,32.05,False
ord_1595,#2595,2025-03-18,111.7,False
ord_1596,#2596,2025-03-18,124.09,False
ord_1597,#2597,2025-03-18,128.78,False
ord_1598,#2598,2025-03-18,77.0,False
ord_1599,#2599,2025-03-18,100.59,False
ord_1600,#2600,2025-03-18,126.39,False
ord_1601,#2601,2025-03-18,67.06,False
ord_1602,#2602,2025-03-18,51.84,False
ord_1603,#2603,2025-03-18,54.14,False
ord_1604,#2604,2025-03-18,48.52,True
ord_1605,#2605,2025-03-18,38.61,False
ord_1606,#2606,2025-03-18,117.25,False
ord_1607,#2607,2025-03-18,72.1,True
ord_1608,#2608,2025-03-18,55.42,False
ord_1609,#2609,2025-03-19,41.69,True
ord_1610,#2610,2025-03-19,40.62,True
ord_1611,#2611,2025-03-19,103.11,False
ord_1612,#2612,2025-03-19,93.87,False
ord_1613,#2613,2025-03-19,50.32,False
ord_1614,#2614,2025-03-19,103.83,False
ord_1615,#2615,2025-03-19,25.86,True
ord_1616,#2616,2025-03-19,175.37,False
ord_1617,#2617,2025-03-19,69.84,False
ord_1618,#2618,2025-03-19,66.06,False
ord_1619,#2619,2025-03-19,154.62,False
ord_1620,#2620,2025-03-19,38.65,True
ord_1621,#2621,2025-03-19,88.34,True
ord_1622,#2622,2025-03-19,178.2,True
ord_1623,#2623,2025-03-20,50.2,False
ord_1624,#2624,2025-03-20,44.28,False
ord_1625,#2625,2025-03-20,71.68,False
ord_1626,#2626,2025-03-20,18.1,False
ord_1627,#2627,2025-03-20,154.91,False
ord_1628,#2628,2025-03-20,37.06,True
ord_1629,#2629,2025-03-20,29.35,False
ord_1630,#2630,2025-03-20,57.7,False
ord_1631,#2631,2025-03-20,18.73,True
ord_1632,#2632,2025-03-20,26.64,True
ord_1633,#2633,2025-03-20,237.48,True
ord_1634,#2634,2025-03-20,151.04,False
ord_1635,#2635,2025-03-20,29.53,False
ord_1636,#2636,2025-03-20,76.38,True
ord_1637,#2637,2025-03-20,64.98,False
ord_1638,#2638,2025-03-20,50.23,False
ord_1639,#2639,2025-03-20,14.77,True
ord_1640,#2640,2025-03-20,172.72,False
ord_1641,#2641,2025-03-20,10,False
ord_1642,#2642,2025-03-21,19.83,False
ord_1643,#2643,2025-03-21,73.47,False
ord_1644,#2644,2025-03-21,118.15,False
ord_1645,#2645,2025-03-21,51.45,False
ord_1646,#2646,2025-03-21,122.8,False
ord_1647,#2647,2025-03-21,22.17,True
ord_1648,#2648,2025-03-21,61.44,True
ord_1649,#2649,2025-03-21,82.01,False
ord_1650,#2650,2025-03-21,102.15,False
ord_1651,#2651,2025-03-21,95.91,False
ord_1652,#2652,2025-03-21,65.68,False
ord_1653,#2653,2025-03-21,130.19,False
ord_1654,#2654,2025-03-21,32.33,False
ord_1655,#2655,2025-03-21,146.65,False
ord_1656,#2656,2025-03-21,96.31,False
ord_1657,#2657,2025-03-21,232.68,True
ord_1658,#2658,2025-03-21,45.32,True
ord_1659,#2659,2025-03-21,31.0,True
ord_1660,#2660,2025-03-21,51.71,False
ord_1661,#2661,2025-03-22,66.41,False
ord_1662,#2662,2025-03-22,40.36,False
ord_1663,#2663,2025-03-22,36.09,False
ord_1664,#2664,2025-03-22,106.21,True
ord_1665,#2665,2025-03-22,176.72,False
ord_1666,#2666,2025-03-22,104.54,False
ord_1667,#2667,2025-03-22,74.43,True
ord_1668,#2668,2025-03-22,42.95,False
ord_1669,#2669,2025-03-22,72.66,False
ord_1670,#2670,2025-03-22,55.67,True
ord_1671,#2671,2025-03-22,121.73,False
ord_1672,#2672,2025-03-22,98.94,True
ord_1673,#2673,2025-03-22,13.46,True
ord_1674,#2674,2025-03-22,49.16,False
ord_1675,#2675,2025-03-22,228.78,False
ord_1676,#2676,2025-03-22,44.93,True
ord_1677,#2677,2025-03-22,104.74,True
ord_1678,#2678,2025-03-22,10,False
ord_1679,#2679,2025-03-22,83.06,True
ord_1680,#2680,2025-03-22,82.15,True
ord_1681,#2681,2025-03-22,27.61,False
ord_1682,#2682,2025-03-22,49.46,True
ord_1683,#2683,2025-03-22,130.07,False
ord_1684,#2684,2025-03-22,156.48,False
ord_1685,#2685,2025-03-22,101.77,False
ord_1686,#2686,2025-03-23,163.16,True
ord_1687,#2687,2025-03-23,122.46,False
ord_1688,#2688,2025-03-23,91.47,False
ord_1689,#2689,2025-03-23,53.6,True
ord_1690,#2690,2025-03-23,56.62,False
ord_1691,#2691,2025-03-23,90.76,True
ord_1692,#2692,2025-03-23,43.62,False
ord_1693,#2693,2025-03-23,10,False
ord_1694,#2694,2025-03-23,46.7,True
ord_1695,#2695,2025-03-23,132.81,False
ord_1696,#2696,2025-03-23,56.01,False
ord_1697,#2697,2025-03-23,10,False
ord_1698,#2698,2025-03-23,18.25,False
ord_1699,#2699,2025-03-23,48.44,False
ord_1700,#2700,2025-03-23,15.13,False
ord_1701,#2701,2025-03-23,67.43,False
ord_1702,#2702,2025-03-23,161.22,True
ord_1703,#2703,2025-03-23,59.26,False
ord_1704,#2704,2025-03-23,55.84,False
ord_1705,#2705,2025-03-24,124.82,False
ord_1706,#2706,2025-03-24,41.23,False
ord_1707,#2707,2025-03-24,12.66,True
ord_1708,#2708,2025-03-24,34.05,True
ord_1709,#2709,2025-03-24,31.13,False
ord_1710,#2710,2025-03-24,34.92,False
ord_1711,#2711,2025-03-24,138.58,True
ord_1712,#2712,2025-03-24,165.22,True
ord_1713,#2713,2025-03-24,194.26,False
ord_1714,#2714,2025-03-24,23.75,False
ord_1715,#2715,2025-03-24,46.22,False
ord_1716,#2716,2025-03-24,25.88,False
ord_1717,#2717,2025-03-24,12.42,False
ord_1718,#2718,2025-03-24,25.65,False
ord_1719,#2719,2025-03-24,99.76,False
ord_1720,#2720,2025-03-24,39.86,True
ord_1721,#2721,2025-03-24,47.58,True
ord_1722,#2722,2025-03-24,152.85,False
ord_1723,#2723,2025-03-24,64.35,True
ord_1724,#2724,2025-03-24,64.03,True
ord_1725,#2725,2025-03-24,32.45,False
ord_1726,#2726,2025-03-24,78.59,True
ord_1727,#2727,2025-03-24,42.58,True
ord_1728,#2728,2025-03-24,37.06,False
ord_1729,#2729,2025-03-24,49.05,True
ord_1730,#2730,2025-03-24,65.61,True
ord_1731,#2731,2025-03-24,149.08,True
ord_1732,#2732,2025-03-24,38.48,False
ord_1733,#2733,2025-03-24,50.2,False
ord_1734,#2734,2025-03-24,31.57,True
ord_1735,#2735,2025-03-25,142.23,True
ord_1736,#2736,2025-03-25,96.72,False
ord_1737,#2737,2025-03-25,168.53,True
ord_1738,#2738,2025-03-25,60.32,True
ord_1739,#2739,2025-03-25,30.59,False
ord_1740,#2740,2025-03-25,25.89,False
ord_1741,#2741,2025-03-25,166.66,False
ord_1742,#2742,2025-03-25,112.28,True
ord_1743,#2743,2025-03-25,47.36,True
ord_1744,#2744,2025-03-25,47.37,False
ord_1745,#2745,2025-03-25,138.32,False
ord_1746,#2746,2025-03-25,72.98,False
ord_1747,#2747,2025-03-25,135.35,False
ord_1748,#2748,2025-03-25,60.77,True
ord_1749,#2749,2025-03-26,144.85,False
ord_1750,#2750,2025-03-26,61.89,True
ord_1751,#2751,2025-03-26,24.53,False
ord_1752,#2752,2025-03-26,73.18,False
ord_1753,#2753,2025-03-26,123.49,False
ord_1754,#2754,2025-03-26,67.62,True
ord_1755,#2755,2025-03-26,30.6,False
ord_1756,#2756,2025-03-26,21.96,False
ord_1757,#2757,2025-03-26,25.57,False
ord_1758,#2758,2025-03-26,29.63,True
ord_1759,#2759,2025-03-26,140.51,False
ord_1760,#2760,2025-03-26,10,True
ord_1761,#2761,2025-03-26,123.87,True
ord_1762,#2762,2025-03-26,51.52,True
ord_1763,#2763,2025-03-26,62.16,False
ord_1764,#2764,2025-03-26,14.19,False
ord_1765,#2765,2025-03-26,21.99,True
ord_1766,#2766,2025-03-26,211.61,False
ord_1767,#2767,2025-03-26,96.36,False
ord_1768,#2768,2025-03-26,159.02,True
ord_1769,#2769,2025-03-26,62.21,False
ord_1770,#2770,2025-03-26,53.52,True
ord_1771,#2771,2025-03-27,62.0,True
ord_1772,#2772,2025-03-27,44.33,True
ord_1773,#2773,2025-03-27,101.69,False
ord_1774,#2774,2025-03-27,142.99,True
ord_1775,#2775,2025-03-27,19.86,True
ord_1776,#2776,2025-03-27,56.71,True
ord_1777,#2777,2025-03-27,41.2,False
ord_1778,#2778,2025-03-27,49.88,True
ord_1779,#2779,2025-03-27,45.95,False
ord_1780,#2780,2025-03-27,112.82,False
ord_1781,#2781,2025-03-27,50.28,True
ord_1782,#2782,2025-03-27,99.66,False
ord_1783,#2783,2025-03-27,126.53,True
ord_1784,#2784,2025-03-27,106.9,False
ord_1785,#2785,2025-03-27,142.92,False
ord_1786,#2786,2025-03-27,58.87,False
ord_1787,#2787,2025-03-27,34.12,True
ord_1788,#2788,2025-03-27,83.98,False
ord_1789,#2789,2025-03-27,46.79,False
ord_1790,#2790,2025-03-27,30.1,False
ord_1791,#2791,2025-03-27,21.67,True
ord_1792,#2792,2025-03-27,180.23,True
ord_1793,#2793,2025-03-27,88.28,False
ord_1794,#2794,2025-03-27,51.8,False
ord_1795,#2795,2025-03-28,145.06,True
ord_1796,#2796,2025-03-28,46.73,False
ord_1797,#2797,2025-03-28,125.6,True
ord_1798,#2798,2025-03-28,56.91,True
ord_1799,#2799,2025-03-28,116.61,False
ord_1800,#2800,2025-03-28,134.12,False
ord_1801,#2801,2025-03-28,110.08,False
ord_1802,#2802,2025-03-28,39.25,False
ord_1803,#2803,2025-03-28,64.45,True
ord_1804,#2804,2025-03-28,125.3,True
ord_1805,#2805,2025-03-28,43.64,False
ord_1806,#2806,2025-03-28,88.04,False
ord_1807,#2807,2025-03-28,131.24,False
ord_1808,#2808,2025-03-29,21.09,False
ord_1809,#2809,2025-03-29,43.25,True
ord_1810,#2810,2025-03-29,133.01,False
ord_1811,#2811,2025-03-29,61.32,True
ord_1812,#2812,2025-03-29,44.17,False
ord_1813,#2813,2025-03-29,126.37,False
ord_1814,#2814,2025-03-29,49.02,True
ord_1815,#2815,2025-03-29,98.34,True
ord_1816,#2816,2025-03-29,10,True
ord_1817,#2817,2025-03-29,110.46,False
ord_1818,#2818,2025-03-29,49.96,True
ord_1819,#2819,2025-03-29,10,False
ord_1820,#2820,2025-03-29,161.4,False
ord_1821,#2821,2025-03-29,77.11,False
ord_1822,#2822,2025-03-29,27.24,True
ord_1823,#2823,2025-03-29,103.64,False
ord_1824,#2824,2025-03-29,15.84,True
ord_1825,#2825,2025-03-29,12.66,True
ord_1826,#2826,2025-03-30,36.04,True
ord_1827,#2827,2025-03-30,10,False
ord_1828,#2828,2025-03-30,26.89,False
ord_1829,#2829,2025-03-30,51.37,False
ord_1830,#2830,2025-03-30,42.98,False
ord_1831,#2831,2025-03-30,68.42,False
ord_1832,#2832,2025-03-30,81.74,True
ord_1833,#2833,2025-03-30,38.77,False
ord_1834,#2834,2025-03-30,33.75,True
ord_1835,#2835,2025-03-30,10,False
ord_1836,#2836,2025-03-30,165.08,False
ord_1837,#2837,2025-03-30,103.47,False
ord_1838,#2838,2025-03-30,39.84,True
ord_1839,#2839,2025-03-30,42.5,False
ord_1840,#2840,2025-03-30,10,True
ord_1841,#2841,2025-03-31,85.43,False
ord_1842,#2842,2025-03-31,57.76,False
ord_1843,#2843,2025-03-31,58.31,False
ord_1844,#2844,2025-03-31,57.87,False
ord_1845,#2845,2025-03-31,73.25,False
ord_1846,#2846,2025-03-31,68.88,False
ord_1847,#2847,2025-03-31,64.44,False
ord_1848,#2848,2025-03-31,44.33,False
ord_1849,#2849,2025-03-31,54.1,False
ord_1850,#2850,2025-03-31,16.88,True
ord_1851,#2851,2025-03-31,85.58,False
ord_1852,#2852,2025-03-31,92.65,False
ord_1853,#2853,2025-03-31,39.79,False
ord_1854,#2854,2025-03-31,29.41,True
ord_1855,#2855,2025-03-31,54.83,False
ord_1856,#2856,2025-03-31,70.98,False
ord_1857,#2857,2025-03-31,10,True
ord_1858,#2858,2025-03-31,136.12,True
ord_1859,#2859,2025-03-31,48.43,False
ord_1860,#2860,2025-03-31,83.48,False
